{
"document" : {
"pageListHeight" : 110,
"pageListCollapsed" : 0
},
"A861BF9D-95DA-48C8-933D-70ED0673ED30" : {
"scrollOrigin" : "{-174.50801135418408, -87.896469989221714}",
"zoomValue" : 1.577251009089514
},
"E8D3DFCE-3B66-4558-B3DA-91324A4752BB" : {
"scrollOrigin" : "{451, 401}",
"zoomValue" : 0.075656875076685295
}
}