{
"document" : {
"pageListHeight" : 110,
"pageListCollapsed" : 0
},
"08932F5A-550F-4F0C-B9F4-98AA4294EBB4" : {
"scrollOrigin" : "{-111.84133220599952, 260.97323675763846}",
"zoomValue" : 1.00095583008434
},
"590BD2A7-EB66-4DB4-8405-B4C35C8602F1" : {
"scrollOrigin" : "{247, 292}",
"zoomValue" : 0.054523028563776867
}
}